bioId,pos,firstseason,lastseason,height,weight,college,collegeOther,birthDate,deathDate,avg_weight
abrahta01w,C,0,0,74.0,190,George Washington,,1975-09-27,0000-00-00,196.98
abrossv01w,F,0,0,74.0,169,Connecticut,,1980-07-09,0000-00-00,174.02
adairje01w,C,0,0,76.0,197,George Washington,,1986-12-19,0000-00-00,196.98
adamsda01w,F-C,0,0,73.0,239,Texas A&M,Jefferson College (JC),1989-02-19,0000-00-00,184.8
adamsjo01w,C,0,0,75.0,180,New Mexico,,1981-05-24,0000-00-00,196.98
aguilel01w,G,0,0,67.0,165,George Washington,,1976-10-15,0000-00-00,148.05
ajavoma01w,G,0,0,68.0,160,Rutgers,,1986-05-07,0000-00-00,148.05
alberma01w,G,0,0,64.0,148.05,Ohio State,,1975-04-12,0000-00-00,148.05
aldrima01w,G,0,0,71.0,153,UNC Charlotte,,1973-09-15,0000-00-00,148.05
alexaer01w,G,0,0,67.0,140,California-Santa Barbara,,1975-04-25,0000-00-00,148.05
alhalta01w,F-G,0,0,72.0,149,DePaul,,1974-10-17,0000-00-00,159.91
allench01w,G,0,0,71.0,135,Notre Dame,,1986-07-23,0000-00-00,148.05
amachma01w,F,0,0,73.0,175,,,1978-01-30,0000-00-00,174.02
ambermo01w,F,0,0,76.0,169,Arizona State,,1970-12-21,0000-00-00,174.02
anderam01w,F,0,0,72.0,167,Brigham Young,,1984-03-14,0000-00-00,174.02
anderch01w,C,0,0,78.0,190,Vanderbilt,,1981-01-22,0000-00-00,196.98
anderjo01w,G,0,0,68.0,166,Wisconsin,,1986-07-22,0000-00-00,148.05
anderke01w,G,0,0,67.0,125,Wisconsin,,1974-05-17,0000-00-00,148.05
andrame01w,F,0,0,71.0,165,Old Dominion,,1975-12-31,0000-00-00,174.02
angelyv01w,G,0,0,68.0,160,Ohio State,,1963-10-14,0000-00-00,148.05
anosini01w,C,0,0,75.0,211,Tennessee,,1986-02-27,0000-00-00,196.98
appelja01w,C,0,0,76.0,210,Stanford,,1988-05-14,0000-00-00,196.98
arcaija01w,G,0,0,71.0,147,none,,1969-04-11,0000-00-00,148.05
artiska01w,F,0,0,73.0,155,Northeastern,,1973-07-09,0000-00-00,174.02
askamma01w,C,0,0,77.0,198,none,,1970-08-07,0000-00-00,196.98
atkinla01w,G-F,0,0,72.0,172,North Carolina,,1984-03-22,0000-00-00,163.76
atunrmo01w,G-F,0,0,70.0,143,Texas A&M,,1986-04-14,0000-00-00,163.76
augusse01w,F,0,0,72.0,179,Louisiana State,,1984-04-30,0000-00-00,174.02
aycocan01w,G-F,0,0,74.0,172,Kansas,,1973-02-28,0000-00-00,163.76
ayimmi01w,F,0,0,75.0,174.02,Pepperdine,,1988-05-06,0000-00-00,174.02
azizle01w,F,0,0,75.0,177,Syracuse,,1979-02-28,0000-00-00,174.02
azzije01w,G,0,0,68.0,143,Stanford,,1968-08-31,0000-00-00,148.05
badertr01w,G,0,0,64.0,125,Boise State,,1973-02-26,0000-00-00,148.05
bakerla01w,G,0,0,67.0,140,California,,1968-12-18,0000-00-00,148.05
bakersh01w,G,0,0,68.0,125,Georgia,,1982-12-03,0000-00-00,148.05
balesal01w,C,0,0,79.0,218,Duke,,1985-04-04,0000-00-00,196.98
banchrh01w,C,0,0,75.0,185,Washington,,1973-05-01,0000-00-00,196.98
baranel01w,F,0,0,77.0,182,Academy of Sport Moscow,,1972-01-28,0000-00-00,174.02
barksla01w,G,0,0,70.0,156,North Carolina,,1979-10-03,0000-00-00,148.05
barnead01w,F,0,0,71.0,165,Arizona,,1977-02-03,0000-00-00,174.02
barnequ01w,C,0,0,77.0,185,Indiana,,1976-09-26,0000-00-00,196.98
bassmi01w,F,0,0,75.0,184,Duke,,1983-12-02,0000-00-00,174.02
batkosu01w,C,0,0,76.0,203,,,1980-12-17,0000-00-00,196.98
batteja01w,F,0,0,73.0,163,Notre Dame,,1983-03-26,0000-00-00,174.02
battlas01w,F,0,0,72.0,170,Connecticut,,1982-05-31,0000-00-00,174.02
bauerca01w,F-C,0,0,76.0,180,Montana State,,1972-06-27,0000-00-00,184.8
beardal01w,G-F,0,0,71.0,160,Duke,,1982-05-14,0000-00-00,163.76
becenry01w,G,0,0,66.0,140,Arizona State,Scottsdale CC (JC),1971-08-11,0000-00-00,148.05
beckki01w,G,0,0,68.0,125,George Washington,,1985-12-27,0000-00-00,148.05
bellje01w,F,0,0,73.0,160,Florida International,,1970-05-26,0000-00-00,174.02
bennije01w,F,0,0,75.0,185,Vanderbilt,,1981-10-06,0000-00-00,174.02
berezva01w,C,0,0,76.0,196.98,Rice,,1986-04-10,0000-00-00,196.98
berggas01w,G,0,0,70.0,170,Illinois,,1976-11-18,0000-00-00,148.05
berrysh01w,F-C,0,0,75.0,175,Iowa,,1967-07-06,0000-00-00,184.8
berthlu01w,F-C,0,0,74.0,188,Old Dominion,,1978-03-31,0000-00-00,184.8
berubca01w,F,0,0,72.0,155,Connecticut,,1975-09-02,0000-00-00,174.02
beviltu01w,G,0,0,67.0,145,,,1972-07-19,0000-00-00,148.05
bibbyje01w,G,0,0,67.0,139,,,1979-08-23,0000-00-00,148.05
bibrzag01w,G-F,0,0,74.0,168,,,1982-10-21,0000-00-00,163.76
birdsu01w,G,0,0,69.0,150,Connecticut,,1980-10-16,0000-00-00,148.05
bishoab01w,F-C,0,0,74.0,184.8,,,1988-11-29,0000-00-00,184.8
bjedoni01w,C,0,0,78.0,195,,,1971-05-18,0000-00-00,196.98
bjorkan01w,F,0,0,72.0,166,Tennessee,,1989-07-14,0000-00-00,174.02
bjorkte01w,C,0,0,76.0,175,Colorado,,1982-06-29,0000-00-00,196.98
blackch01w,C,0,0,77.0,188,Duke,,1985-11-12,0000-00-00,196.98
blackde01w,G,0,0,63.0,124,St. Joseph's,,1966-07-29,0000-00-00,148.05
bladerh01w,G,0,0,67.0,138,Vanderbilt,,1972-10-29,0000-00-00,148.05
blodgci01w,G,0,0,69.0,130,Maine,,1975-12-23,0000-00-00,148.05
blueni01w,G,0,0,68.0,163,UCLA,,1984-03-29,0000-00-00,148.05
blueoc01w,F,0,0,73.0,163,Miami (FL),,1976-08-18,0000-00-00,174.02
bobbish01w,G,0,0,62.0,130,Tennessee,,1985-12-06,0000-00-00,148.05
boddiwh01w,G,0,0,69.0,149,Auburn,,1987-01-23,0000-00-00,148.05
boldeba01w,G,0,0,74.0,180,Louisiana Tech,,1969-06-16,0000-00-00,148.05
boltoru01w,G,0,0,69.0,150,Auburn,,1967-05-25,0000-00-00,148.05
bondla01w,G,0,0,67.0,132,Missouri,,1984-02-13,0000-00-00,148.05
bonfisu01w,G,0,0,68.0,145,,,1974-09-08,0000-00-00,148.05
bonnede01w,G,0,0,76.0,136,Auburn,,1987-08-21,0000-00-00,148.05
bookeka01w,C,0,0,73.0,170,Vanderbilt,,1965-04-10,0000-00-00,196.98
bosweca01w,F-G,0,0,72.0,168,Illinois State,,1962-11-10,0000-00-00,159.91
bouceje01w,G,0,0,68.0,130,Virginia,,1973-12-20,0000-00-00,148.05
bouchke01w,F,0,0,74.0,163,,,1968-01-13,0000-00-00,174.02
bowenli01w,G,0,0,67.0,145,Michigan State,,1983-10-25,0000-00-00,148.05
boydca01w,F,0,0,73.0,172,,,1975-10-31,0000-00-00,174.02
bradlki01w,F-C,0,0,77.0,185,Oral Roberts,,1974-08-26,0000-00-00,184.8
brancli01w,G,0,0,64.0,148.05,Texas A&M,,0000-00-00,0000-00-00,148.05
branzal01w,F,0,0,76.0,180,Florida International,,1971-07-17,0000-00-00,174.02
branzge01w,F,0,0,76.0,175,Florida International,,1976-07-25,0000-00-00,174.02
braxtja01w,F-C,0,0,75.0,178,Louisiana Tech,,1973-10-06,0000-00-00,184.8
braxtka01w,F-C,0,0,78.0,210,Georgia,,1983-02-18,0000-00-00,184.8
brazian01w,F,0,0,74.0,169,Texas Tech,,1976-09-18,0000-00-00,174.02
brcanra01w,C,0,0,80.0,198,none,,1967-04-15,0000-00-00,196.98
brelaje01w,F,0,0,75.0,170,North Carolina,,1988-02-23,0000-00-00,174.02
bristre01w,G,0,0,70.0,139,Arizona,,1978-02-10,0000-00-00,148.05
brogami01w,F,0,0,73.0,177,,,1973-02-08,0000-00-00,174.02
brondsa01w,G,0,0,67.0,136,U. Western Sydney,,1968-08-20,0000-00-00,148.05
brownci01w,F-C,0,0,74.0,183,Long Beach State,,1965-03-16,0000-00-00,184.8
brownco01w,G,0,0,69.0,150,North Carolina,,1980-10-21,0000-00-00,148.05
browned01w,G-F,0,0,69.0,163,Texas,,1978-07-01,0000-00-00,163.76
brownki01w,G,0,0,70.0,134,Georgia,,1979-01-13,0000-00-00,148.05
brownla01w,C,0,0,75.0,180,Louisiana Tech,,1972-12-01,0000-00-00,196.98
brownle01w,F,0,0,72.0,166,Virginia,,1977-06-03,0000-00-00,174.02
brownru01w,F,0,0,74.0,175,Furman,,1972-05-05,0000-00-00,174.02
brumfma01w,G,0,0,68.0,133,Rice,,1978-06-06,0000-00-00,148.05
brungje01w,F,0,0,73.0,165,Penn State,,1982-04-16,0000-00-00,174.02
brunsre01w,F,0,0,75.0,175,Georgetown,,1981-12-11,0000-00-00,174.02
bullevi01w,F,0,0,75.0,185,Maryland,,1967-10-04,0000-00-00,174.02
burgean01w,G,0,0,67.0,141,,,1969-04-10,0000-00-00,148.05
burgehe01w,C,0,0,77.0,195,Virginia,,1971-11-11,0000-00-00,196.98
burgehe02w,F,0,0,77.0,180,Virginia,,1971-11-11,0000-00-00,174.02
burgeli01w,F,0,0,73.0,173,Alabama,,1969-07-27,0000-00-00,174.02
burraal01w,C,0,0,75.0,218,Louisiana Tech,,1975-06-23,0000-00-00,196.98
burseja01w,C,0,0,77.0,199,Tulane,,1979-05-19,0000-00-00,196.98
buttsta01w,G,0,0,71.0,160,Tennessee,,1982-03-10,0000-00-00,148.05
byearla01w,G-F,0,0,71.0,206,DePaul,NE Oklahoma A&M (JC),1973-08-12,0000-00-00,163.76
byrdla01w,G,0,0,66.0,131,Eastern Michigan,,1960-02-01,0000-00-00,148.05
cabezli01w,F-C,0,0,75.0,178,Central Florida CC,,1973-10-25,0000-00-00,184.8
cainke01w,C,0,0,78.0,220,Tennessee,,1989-05-16,0000-00-00,196.98
camba01w,C,0,0,80.0,215,none,,1991-08-18,0000-00-00,196.98
campbed01w,G,0,0,68.0,152,Texas,,1968-11-26,0000-00-00,148.05
campbmi01w,F-C,0,0,77.0,170,USC,,1974-02-20,0000-00-00,184.8
cantydo01w,G-F,0,0,69.0,162,Alabama,,1977-03-02,0000-00-00,163.76
careyja01w,G,0,0,66.0,135,Texas,,1981-03-12,0000-00-00,148.05
carsoes01w,G-F,0,0,72.0,165,Rutgers,,1986-07-28,0000-00-00,163.76
carteam01w,F,0,0,74.0,185,Louisiana State,,1982-06-21,0000-00-00,174.02
cartede01w,G-F,0,0,72.0,185,Georgia,,1972-01-03,0000-00-00,163.76
cartesy01w,G,0,0,66.0,148.05,Texas A&M,,1990-11-18,0000-00-00,148.05
cashsw01w,F,0,0,73.0,162,Connecticut,,1979-09-22,0000-00-00,174.02
cassija01w,C,0,0,75.0,187,Maine,,1978-09-12,0000-00-00,196.98
castriz01w,F-G,0,0,72.0,140,,,1982-03-13,0000-00-00,159.91
catchta01w,F,0,0,73.0,167,Tennessee,,1979-07-21,0000-00-00,174.02
caufila01w,G,0,0,69.0,159,Oklahoma,,1980-05-25,0000-00-00,148.05
cebriel01w,C,0,0,77.0,190,none,,1971-02-07,0000-00-00,196.98
chacoke01w,G,0,0,69.0,151,George Mason,,1974-12-21,0000-00-00,148.05
chambco01w,G,0,0,69.0,160,Georgia,,1985-07-06,0000-00-00,148.05
chanequ01w,G,0,0,71.0,160,Louisiana State,,1986-04-14,0000-00-00,148.05
chapmji01w,C,0,0,75.0,206,Indiana,,1979-11-04,0000-00-00,196.98
charlda01w,F-C,0,0,75.0,141,Tennessee,,1968-11-22,0000-00-00,184.8
charlti01w,C,0,0,76.0,198,Connecticut,,1988-12-05,0000-00-00,196.98
chaseso01w,G,0,0,69.0,150,Maryland,,1976-03-09,0000-00-00,148.05
cheekjo01w,F,0,0,73.0,201,Duke,,1988-06-25,0000-00-00,174.02
cheruam01w,G,0,0,70.0,140,Indiana,,1970-04-18,0000-00-00,148.05
chestfe01w,F,0,0,75.0,180,DePaul,,1988-03-24,0000-00-00,174.02
choneka01w,C,0,0,75.0,180,North Carolina State,,1981-01-11,0000-00-00,196.98
chriska01w,F,0,0,74.0,171,UC Santa Barbara,,1980-11-16,0000-00-00,174.02
chriska02w,F,0,0,72.0,180,Duke,,1989-09-11,0000-00-00,174.02
chrissh01w,F,0,0,73.0,170,Arkansas,,1982-02-15,0000-00-00,174.02
cironkr01w,G,0,0,68.0,150,Illinois State,,1987-05-19,0000-00-00,148.05
clarkal01w,F,0,0,70.0,167,Middle Tennessee State,,1987-07-07,0000-00-00,174.02
clarkma01w,F-C,0,0,75.0,184.8,Arizona,,1971-01-01,0000-00-00,184.8
clearmi01w,G,0,0,66.0,126,Australian Institute of Sport,,1974-07-16,0000-00-00,148.05
clinest01w,G,0,0,65.0,148,UC Santa Barbara,,1978-04-22,0000-00-00,148.05
coggicl01w,G,0,0,71.0,170,Kansas State,,1985-05-19,0000-00-00,148.05
cokermo01w,F,0,0,73.0,180,Old Dominion,,1982-11-28,0000-00-00,174.02
colemco01w,F,0,0,72.0,170,Ohio State,,1981-04-13,0000-00-00,174.02
colemma01w,G-F,0,0,73.0,160,Maryland,,1987-01-04,0000-00-00,163.76
colleka01w,G-F,0,0,70.0,145,Maryland,,1971-03-17,0000-00-00,163.76
colsosy01w,G,0,0,68.0,140,Texas A&M,,1989-08-06,0000-00-00,148.05
compame01w,G,0,0,69.0,143,St. Joseph's,,1975-09-18,0000-00-00,148.05
congran01w,F-C,0,0,74.0,183,Mercer,,1970-06-03,0000-00-00,184.8
conklab01w,F,0,0,75.0,175,Tennessee,,1975-02-10,0000-00-00,174.02
consuca01w,G,0,0,68.0,144,Iowa,,1979-03-04,0000-00-00,148.05
coopeca01w,C,0,0,76.0,176,Purdue,,1979-02-05,0000-00-00,196.98
coopecy01w,G,0,0,70.0,150,USC,,1963-04-14,0000-00-00,148.05
crawlsy01w,F-C,0,0,77.0,187,North Carolina,,1972-09-27,0000-00-00,184.8
crockda01w,F,0,0,73.0,158,Baylor,,1981-02-11,0000-00-00,174.02
crockwi01w,F,0,0,74.0,215,Connecticut,,1984-07-05,0000-00-00,174.02
cronika01w,G,0,0,72.0,155,Colorado State,,1977-09-08,0000-00-00,148.05
crosssh01w,G,0,0,70.0,155,Tennessee,,1983-09-07,0000-00-00,148.05
crumpca01w,G,0,0,70.0,158,Alabama,,1962-10-29,0000-00-00,148.05
cummiki01w,F,0,0,75.0,188,Long Beach State,,1963-08-29,0000-00-00,174.02
cunnibe01w,G,0,0,72.0,163,Notre Dame,,1975-06-05,0000-00-00,148.05
cunnida01w,F,0,0,72.0,187,Rutgers,,1980-01-27,0000-00-00,174.02
cunnima01w,F-C,0,0,76.0,184.8,Vanderbilt,,1973-05-20,0000-00-00,184.8
currimo01w,F,0,0,72.0,177,Duke,,1983-02-25,0000-00-00,174.02
curryed01w,G,0,0,64.0,138,Oregon,,1979-07-09,0000-00-00,148.05
dalesst01w,G-F,0,0,72.0,155,Oklahoma,,1979-09-05,0000-00-00,163.76
daleygr01w,G,0,0,66.0,147,Tulane,,1978-06-26,0000-00-00,148.05
darlihe01w,G,0,0,66.0,164,Penn State,,1978-08-29,0000-00-00,148.05
davenje01w,C,0,0,77.0,215,Ohio State,,1985-06-24,0000-00-00,196.98
davisbr01w,G,0,0,72.0,172,Oregon,,1983-01-01,0000-00-00,148.05
daviscl01w,F,0,0,73.0,165,Texas,,1967-06-04,0000-00-00,174.02
davisde01w,G,0,0,67.0,138,Vanderbilt,,1984-11-08,0000-00-00,148.05
davisla01w,G,0,0,67.0,145,Tennessee,,1974-10-08,0000-00-00,148.05
davista01w,F,0,0,70.0,160,Washington,,1972-09-25,0000-00-00,174.02
davista02w,G,0,0,71.0,148.05,Florida State,,1987-06-07,0000-00-00,148.05
dedenka01w,F,0,0,76.0,170,Washington,,1969-09-23,0000-00-00,174.02
deforan01w,G,0,0,70.0,160,Nebraska,,1976-04-14,0000-00-00,148.05
derevje01w,G,0,0,70.0,140,George Mason,,1982-03-29,0000-00-00,148.05
desouer01w,F-C,0,0,77.0,190,,,1982-03-03,0000-00-00,184.8
dickeke01w,F,0,0,71.0,165,Texas Tech,,1978-04-20,0000-00-00,174.02
dillata01w,G,0,0,69.0,154,Texas,,1981-05-06,0000-00-00,148.05
dixonin01w,C,0,0,75.0,196.98,California,,1972-09-16,0000-00-00,196.98
dixonta01w,G,0,0,69.0,148,Kansas,,1975-12-14,0000-00-00,148.05
doagela01w,G,0,0,66.0,137,Nebraska,,1975-05-15,0000-00-00,148.05
domonna01w,G,0,0,70.0,132,Iowa,,1975-09-28,0000-00-00,148.05
donapbe01w,F-C,0,0,74.0,195,Stanford,,1980-08-27,0000-00-00,184.8
doronsh01w,G,0,0,69.0,145,Maryland,,1985-04-01,0000-00-00,148.05
dossaci01w,C,0,0,77.0,187,,,1975-01-31,0000-00-00,196.98
douglka01w,G-F,0,0,72.0,167,Purdue,,1979-05-07,0000-00-00,163.76
duffyme01w,G,0,0,67.0,135,Notre Dame,,1984-07-13,0000-00-00,148.05
dunlavi01w,F,0,0,73.0,160,Kentucky,,1989-09-19,0000-00-00,174.02
dupreca01w,F,0,0,74.0,162,Temple,,1984-08-16,0000-00-00,174.02
dydekka01w,F-C,0,0,79.0,190,Evangel,,1970-03-21,0000-00-00,184.8
dydekma01w,C,0,0,9.0,223,,,1974-04-28,2011-05-27,196.98
edwarmi01w,G,0,0,69.0,150,Rutgers,,1966-03-06,0000-00-00,148.05
edwarsi01w,C,0,0,76.0,164,Iowa,,1973-11-17,0000-00-00,196.98
edwarte01w,G-F,0,0,71.0,155,Georgia,,1964-07-09,0000-00-00,163.76
edwarto01w,G,0,0,70.0,160,Tennessee,,1968-03-13,0000-00-00,148.05
elysh01w,F,0,0,74.0,182,Tennessee,,1983-08-09,0000-00-00,174.02
enissh01w,F-C,0,0,73.0,185,Alabama,,1974-12-03,0000-00-00,184.8
erbsu01w,C,0,0,78.0,240,North Carolina State,,1977-07-25,0000-00-00,196.98
ervinla01w,F,0,0,76.0,171,Arkansas,,1985-03-24,0000-00-00,174.02
evansda01w,G,0,0,67.0,148.05,James Madison,,1989-06-30,0000-00-00,148.05
evansde01w,G,0,0,64.0,125,Virginia,,1970-10-11,0000-00-00,148.05
fallotr01w,G-F,0,0,75.0,165,,,1972-07-23,0000-00-00,163.76
farriba01w,C-F,0,0,75.0,200,Tulane,,1976-09-10,0000-00-00,191.11
feastal01w,F,0,0,71.0,168,Harvard,,1976-02-11,0000-00-00,174.02
feifesu01w,G,0,0,73.0,162,,,1979-01-29,0000-00-00,148.05
feldeja01w,F,0,0,73.0,174.02,Southern Mississippi,,1969-10-16,0000-00-00,174.02
ferdima01w,G,0,0,69.0,153,Louisiana State,,1978-10-13,0000-00-00,148.05
fernama01w,G,0,0,71.0,138,,,1981-12-21,0000-00-00,148.05
ferrama01w,F,0,0,75.0,190,,,1972-02-11,0000-00-00,174.02
figgsuk01w,G,0,0,69.0,142,Purdue,,1977-03-31,0000-00-00,148.05
fijalis01w,C,0,0,77.0,200,Colorado,,1972-05-23,0000-00-00,196.98
firsool01w,C,0,0,78.0,215,Kansas State,,1976-04-23,0000-00-00,196.98
floremi01w,G,0,0,66.0,125,Stanford,,1977-10-19,0000-00-00,148.05
flukety01w,C,0,0,77.0,209,Tennessee,,1984-12-27,0000-00-00,196.98
folklkr01w,F,0,0,74.0,190,Stanford,,1975-12-19,0000-00-00,174.02
fordch01w,F,0,0,75.0,198,Louisiana Tech,,1981-06-06,0000-00-00,174.02
fordki01w,G-F,0,0,70.0,153,Georgia Tech,,1975-04-04,0000-00-00,163.76
fordst01w,F,0,0,74.0,185,Georgia,,1969-01-14,0000-00-00,174.02
fosteto01w,F,0,0,73.0,175,Iowa,,1971-10-16,0000-00-00,174.02
fowlesy01w,C,0,0,78.0,200,Louisiana State,,1985-10-06,0000-00-00,196.98
francde01w,F,0,0,70.0,193,Iowa State,,1975-08-24,0000-00-00,174.02
frankaq01w,G,0,0,64.0,154,Texas A&M,,1985-09-29,0000-00-00,148.05
frazeme01w,F,0,0,75.0,191,Liberty,,1987-03-29,0000-00-00,174.02
freemla01w,F,0,0,73.0,175,Auburn,,1971-03-17,0000-00-00,174.02
fresest01w,G,0,0,68.0,126,Iowa State,,1976-09-23,0000-00-00,148.05
frettla01w,F,0,0,75.0,170,Georgia,,1975-06-12,0000-00-00,174.02
friertr01w,F,0,0,74.0,186,Louisiana Tech,,1979-08-23,0000-00-00,174.02
frohlli01w,F-C,0,0,75.0,185,,,1979-06-23,0000-00-00,184.8
frostsh01w,C,0,0,76.0,184,Tennessee,,1966-12-19,0000-00-00,196.98
futreca01w,G,0,0,70.0,154,Duquesne,,1982-07-10,0000-00-00,148.05
gaithka01w,C,0,0,75.0,170,Notre Dame,,1975-08-13,0000-00-00,196.98
gamblam01w,F,0,0,70.0,163,Arizona,,1964-12-17,0000-00-00,174.02
ganttr01w,C,0,0,74.0,181,Lamar,,1971-10-10,0000-00-00,196.98
garcibe01w,G,0,0,65.0,135,,,1976-09-03,0000-00-00,148.05
gardike01w,F,0,0,73.0,168,Virginia Tech,,1984-05-19,0000-00-00,174.02
gardnan01w,F-C,0,0,75.0,190,Howard,,1979-12-23,0000-00-00,184.8
garnean01w,F-C,0,0,75.0,160,Penn State,,1979-01-05,0000-00-00,184.8
gaydeco01w,G,0,0,69.0,150,Louisiana State,,1971-05-11,0000-00-00,148.05
gaypi01w,G-F,0,0,71.0,183,Louisiana State,,1974-08-21,0000-00-00,163.76
gearlka01w,G-F,0,0,73.0,184,Purdue,,1984-10-26,0000-00-00,163.76
gessiki01w,F,0,0,75.0,175,USC,,1970-12-29,0000-00-00,174.02
gibsoke01w,F-G,0,0,70.0,136,Maryland,,1976-11-10,0000-00-00,159.91
gilbrbr01w,G,0,0,73.0,148.05,USC,,1990-08-16,0000-00-00,148.05
gilloje01w,F-C,0,0,75.0,180,Mississippi,,1964-06-13,0000-00-00,184.8
gilmous01w,G,0,0,71.0,158,Rutgers,,1978-08-24,0000-00-00,148.05
gisseka01w,F,0,0,73.0,178,Penn State,North Carolina State,1985-07-27,0000-00-00,174.02
givench01w,G,0,0,70.0,148.05,Middle Tennessee State,,1985-07-26,0000-00-00,148.05
godbyli01w,F-C,0,0,78.0,163,Auburn,,1968-10-17,0000-00-00,184.8
gomisem01w,G,0,0,71.0,134,,,1983-10-18,0000-00-00,148.05
goodemo01w,G,0,0,66.0,130,Stanford,,1972-02-08,0000-00-00,148.05
goodeti01w,F,0,0,71.0,165,Iowa,,1975-10-23,0000-00-00,174.02
goodlsa01w,C,0,0,77.0,239,Georgia Tech,,1990-08-09,0000-00-00,196.98
goodsad01w,F,0,0,72.0,165,Old Dominion,,1966-10-19,0000-00-00,174.02
gordobr01w,F,0,0,72.0,159,Tennessee,,1967-04-27,0000-00-00,174.02
goringi01w,C,0,0,79.0,225,North Carolina State (jr-sr),Arkansas-Fort Smith (fr-so),1983-06-07,0000-00-00,196.98
gortmsh01w,G,0,0,70.0,158,South Carolina,,1979-12-07,0000-00-00,148.05
grahama01w,C,0,0,75.0,240,Houston,,1970-12-18,0000-00-00,196.98
granter01w,G,0,0,68.0,125,Texas Tech,,1984-06-13,0000-00-00,148.05
gravede01w,C,0,0,77.0,212,Howard,,1975-09-16,0000-00-00,196.98
graylal01w,G,0,0,68.0,176,California,,1987-04-21,0000-00-00,148.05
grecomi01w,G,0,0,69.0,145,UCLA,,1980-03-24,0000-00-00,148.05
greenci01w,C,0,0,77.0,183,Texas Tech,,1983-04-04,0000-00-00,196.98
greenka01w,G,0,0,70.0,170,Connecticut,,1987-07-13,0000-00-00,148.05
grginve01w,F,0,0,73.0,160,,,1975-01-13,0000-00-00,174.02
griffke01w,F,0,0,74.0,179,Nebraska,,1987-07-02,0000-00-00,174.02
griffyo01w,C-F,0,0,75.0,188,Florida Atlantic,,1970-03-01,0000-00-00,191.11
groomla01w,G-F,0,0,70.0,160,Georgia,,1970-09-12,0000-00-00,163.76
grubigo01w,G,0,0,71.0,165,,,1972-08-20,0000-00-00,148.05
grudasa01w,F-C,0,0,76.0,185,,,1987-06-25,0000-00-00,184.8
guytowa01w,F,0,0,73.0,178,South Florida,,1965-10-14,0000-00-00,174.02
hagiwmi01w,G,0,0,71.0,161,,,1970-04-27,0000-00-00,148.05
hairska01w,F,0,0,72.0,150,Temple,,1985-08-18,0000-00-00,174.02
hallam01w,F,0,0,75.0,180,Washington,,1977-12-29,0000-00-00,174.02
hallvi01w,F,0,0,73.0,180,Texas,,1969-10-03,0000-00-00,174.02
hamblan01w,G,0,0,70.0,170,Iowa,,1976-09-30,0000-00-00,148.05
hammobe01w,G,0,0,66.0,136,Colorado State,,1977-03-11,0000-00-00,148.05
hamptky01w,F,0,0,74.0,210,Arizona State,,1962-11-03,0000-00-00,174.02
hamzoro01w,G,0,0,69.0,152,,,1970-08-17,0000-00-00,148.05
hardili01w,G,0,0,68.0,139,Duke,,1984-06-12,0000-00-00,148.05
hardish01w,G,0,0,69.0,165,Louisiana Tech,,1969-06-27,0000-00-00,148.05
harpela01w,F-C,0,0,77.0,190,Maryland,,1986-04-11,0000-00-00,184.8
harriam01w,F,0,0,77.0,202,Xavier,,1988-01-16,0000-00-00,174.02
harrido01w,F,0,0,75.0,190,Old Dominion,,1966-09-29,0000-00-00,174.02
harrifr01w,G,0,0,72.0,154,Texas,,1965-03-12,0000-00-00,148.05
harrili01w,F,0,0,73.0,164,Tennessee,,1971-01-02,0000-00-00,174.02
harrokr01w,G,0,0,64.0,139,,,1975-03-04,0000-00-00,148.05
haydeva01w,C,0,0,76.0,240,Florida,,1982-06-05,0000-00-00,196.98
hayesti01w,G,0,0,70.0,148.05,Connecticut,,1989-09-20,0000-00-00,148.05
haynikr01w,G,0,0,69.0,147,Michigan State,,1983-06-17,0000-00-00,148.05
headde01w,G,0,0,70.0,160,Tennessee,,1970-08-16,0000-00-00,148.05
hedgpch01w,G,0,0,69.0,143,Stanford,,1972-02-17,0000-00-00,148.05
hemmera01w,F-C,0,0,75.0,184.8,Stanford,,1973-04-02,0000-00-00,184.8
hendene01w,G,0,0,68.0,144,Texas,,1973-02-28,0000-00-00,148.05
hendetr01w,C,0,0,75.0,200,Georgia,,1974-12-31,0000-00-00,196.98
henniso01w,G,0,0,67.0,143,Stanford,,1969-10-04,0000-00-00,148.05
henryan01w,F,0,0,75.0,205,Florida,,1986-02-13,0000-00-00,174.02
herriam01w,C,0,0,76.0,189,Iowa,,1977-06-06,0000-00-00,196.98
hibbeka01w,G-F,0,0,70.0,140,Louisiana State,,1977-09-29,0000-00-00,163.76
hicksje01w,F-C,0,0,76.0,188,Maryland,,1971-12-02,0000-00-00,184.8
hightal01w,G,0,0,70.0,139,Louisiana State,,1988-04-06,0000-00-00,148.05
hillec01w,G,0,0,67.0,173,Northern Illinois,,1971-04-06,0000-00-00,148.05
hledeko01w,G,0,0,69.0,150,Duquesne,,1975-03-29,0000-00-00,148.05
hodgeda01w,G-F,0,0,73.0,170,St. Joseph's,,1968-01-21,0000-00-00,163.76
hodgedo01w,G,0,0,69.0,160,Louisiana State,,1982-07-19,0000-00-00,148.05
hodgero01w,G,0,0,71.0,165,Florida State,,1982-07-19,0000-00-00,148.05
hodgesa01w,F-G,0,0,69.0,159.91,New Orleans,,1962-07-31,0000-00-00,159.91
hoffmeb01w,F,0,0,74.0,215,USC,,1982-08-27,0000-00-00,174.02
holdsch01w,F,0,0,74.0,172,Tennessee,,1977-08-09,0000-00-00,174.02
hollake01w,G,0,0,68.0,129,Georgia,,1974-11-05,0000-00-00,148.05
holliqu01w,C,0,0,77.0,201,Virginia Commonwealth,,1988-11-15,0000-00-00,196.98
holmejo01w,F,0,0,70.0,150,Purdue,,1969-03-31,0000-00-00,174.02
holmese01w,G-F,0,0,73.0,155,UNLV,,1986-06-13,0000-00-00,163.76
holtam01w,F,0,0,72.0,168,Middle Tennessee State,,1985-06-07,0000-00-00,174.02
hopeky01w,C,0,0,74.0,165,Miami (FL),,1977-11-23,0000-00-00,196.98
hopsosu01w,F-C,0,0,74.0,175,Mars Hill,,1974-06-21,0000-00-00,184.8
hornbal01w,G,0,0,71.0,155,Tennessee,,1985-10-16,0000-00-00,148.05
houstch01w,F,0,0,72.0,189,Connecticut,,1986-04-10,0000-00-00,174.02
houtsas01w,G,0,0,66.0,140,Georgia,,1987-12-31,0000-00-00,148.05
howarje01w,G,0,0,66.0,130,North Carolina State,,1975-01-21,0000-00-00,148.05
howarme01w,G,0,0,69.0,145,SW Missouri State,,1972-04-02,0000-00-00,148.05
hudsopa01w,F,0,0,71.0,139,Northwestern State,,1968-09-19,0000-00-00,174.02
humphta01w,C,0,0,75.0,190,Georgia,,1985-12-29,0000-00-00,196.98
ibekwif01w,F,0,0,74.0,174.02,Arizona,,1989-10-05,0000-00-00,174.02
irvinsa01w,F,0,0,75.0,185,Texas Christian,,1982-02-23,0000-00-00,174.02
ivanyda01w,G,0,0,70.0,135,Florida International,,1976-03-18,0000-00-00,148.05
iveyni01w,G,0,0,67.0,149,Notre Dame,,1977-09-24,0000-00-00,148.05
jacksan01w,C,0,0,76.0,205,Texas,,1976-03-30,0000-00-00,196.98
jacksde01w,F,0,0,74.0,155,Alabama-Birmingham,,1979-12-15,0000-00-00,174.02
jacksgw01w,F,0,0,75.0,182,Tennessee,,1980-10-23,0000-00-00,174.02
jacksla01w,F-C,0,0,77.0,187,,,1981-05-11,0000-00-00,184.8
jacksta01w,F-C,0,0,75.0,179,Florida,,1962-12-03,0000-00-00,184.8
jacksta02w,G,0,0,66.0,118,Louisiana Tech,,1978-04-22,0000-00-00,148.05
jacksti01w,F,0,0,71.0,148,Iowa,,1972-04-21,0000-00-00,174.02
jacksti02w,F,0,0,75.0,185,Texas,,1985-04-26,0000-00-00,174.02
jacobam01w,G,0,0,68.0,152,Boston College,,1982-06-29,0000-00-00,148.05
jacobje01w,G,0,0,68.0,130,Purdue,,1973-02-20,0000-00-00,148.05
jamesta01w,F,0,0,69.0,158,Miami (FL),,1984-06-13,0000-00-00,174.02
januabr01w,G,0,0,68.0,144,Arizona State,,1987-01-11,0000-00-00,148.05
jekaban01w,G,0,0,69.0,180,,,1983-08-12,0000-00-00,148.05
joensca01w,G-F,0,0,71.0,165,George Washington,,1981-02-12,0000-00-00,163.76
johnsad01w,G,0,0,70.0,154,Ohio State,,1974-02-05,0000-00-00,148.05
johnsch01w,C,0,0,75.0,185,Wisconsin-Green Bay,,1981-03-19,0000-00-00,196.98
johnsda01w,C,0,0,74.0,197,Tennessee,,1973-02-19,0000-00-00,196.98
johnsgl01w,F,0,0,75.0,170,Tennessee,,1990-07-27,0000-00-00,174.02
johnsja01w,F,0,0,72.0,201,Kansas,,1979-03-16,0000-00-00,174.02
johnsla01w,F,0,0,73.0,150,Memphis,,1975-08-17,0000-00-00,174.02
johnsle01w,F,0,0,74.0,220,Western Kentucky,,1975-01-12,0000-00-00,174.02
johnsni01w,G,0,0,69.0,146,Alabama,,1973-02-07,0000-00-00,148.05
johnspo01w,C,0,0,75.0,165,Michigan,,1975-11-06,0000-00-00,196.98
johnssh01w,G,0,0,67.0,152,South Carolina,,1974-08-18,0000-00-00,148.05
johnssh02w,G,0,0,71.0,148.05,Miami,,1990-12-08,0000-00-00,148.05
johnste01w,G,0,0,63.0,132,Louisiana State,,1982-09-06,0000-00-00,148.05
johnsti01w,C,0,0,76.0,240,Tennessee,,1975-12-27,0000-00-00,196.98
johnsvi01w,G-F,0,0,69.0,150,Louisiana Tech,,1972-04-15,0000-00-00,163.76
jollyke01w,G,0,0,69.0,148,Tennessee,,1977-05-03,0000-00-00,148.05
jonesas01w,F,0,0,74.0,196,Connecticut,,1980-08-01,0000-00-00,174.02
jonesch01w,G-F,0,0,69.0,150,Houston,,1982-03-25,0000-00-00,163.76
jonesja01w,G,0,0,69.0,158,UNC Charlotte,,1978-09-13,0000-00-00,148.05
jonesla01w,G,0,0,73.0,180,Ohio State,,1977-07-24,0000-00-00,148.05
jonesma01w,G,0,0,70.0,150,North Carolina,,1975-10-12,0000-00-00,148.05
jonesme01w,G,0,0,69.0,147,Florida,,1973-07-21,0000-00-00,148.05
jordapa01w,C,0,0,75.0,205,UNLV,,1968-04-27,0000-00-00,196.98
joyneja01w,F,0,0,70.0,154,UCLA,,1962-03-03,0000-00-00,174.02
kaplaan01w,C,0,0,77.0,180,Stanford,,1973-04-22,0000-00-00,196.98
kausaan01w,F,0,0,72.0,155,Emporia State,,1970-11-30,0000-00-00,174.02
kellycr01w,F,0,0,74.0,190,Western Kentucky,,1986-09-15,0000-00-00,174.02
kingbsu01w,G,0,0,67.0,135,Stanford,,1981-07-27,0000-00-00,148.05
kingija01w,G,0,0,68.0,150,,,1976-01-20,0000-00-00,148.05
kizerly01w,F-C,0,0,76.0,215,Maryland,,1990-04-04,0000-00-00,184.8
klimezu01w,F,0,0,74.0,181,Vanderbilt,,1979-01-21,0000-00-00,174.02
kobryew01w,F-C,0,0,75.0,210,,,1982-05-07,0000-00-00,184.8
koehnla01w,G,0,0,68.0,145,Kansas State,,1982-05-13,0000-00-00,148.05
korstil01w,G,0,0,70.0,160,,,1980-05-30,0000-00-00,148.05
kossgr01w,F,0,0,73.0,145,Montana,,1974-06-12,0000-00-00,174.02
kostaan01w,G,0,0,67.0,137,,,1978-03-26,0000-00-00,148.05
kostita01w,F,0,0,73.0,163,Oregon State,,1972-11-10,0000-00-00,174.02
kraayca01w,F,0,0,76.0,180,Oregon,,1981-09-30,0000-00-00,174.02
kubikni01w,G,0,0,69.0,145,Nebraska,,1978-03-01,0000-00-00,148.05
kukloan01w,G,0,0,72.0,150,,,1971-07-16,0000-00-00,148.05
laceyal01w,G,0,0,72.0,159,Iowa State,,1987-12-26,0000-00-00,148.05
lacyje01w,F,0,0,75.0,175,Pepperdine,,1983-03-21,0000-00-00,174.02
lacyna01w,G,0,0,70.0,165,UTEP (sr),Texas Christian (fr-jr),1985-07-08,0000-00-00,148.05
lacyve01w,C,0,0,76.0,234,Louisiana Tech,,1967-02-09,0000-00-00,196.98
lambesh01w,G,0,0,67.0,125,Baylor,Grayson County (JC),1980-07-21,0000-00-00,148.05
lambmo01w,C,0,0,77.0,206,USC,,1964-10-11,0000-00-00,196.98
langeme01w,F-C,0,0,78.0,205,UNLV,,1969-04-28,0000-00-00,184.8
langhcr01w,F-C,0,0,74.0,184,Maryland,,1986-10-27,0000-00-00,184.8
langja01w,F,0,0,72.0,185,Colorado,,1972-06-23,0000-00-00,174.02
larakr01w,G,0,0,68.0,130,,,1969-09-30,0000-00-00,148.05
larkier01w,F,0,0,73.0,210,North Carolina,,1986-04-02,0000-00-00,174.02
lassiam01w,F,0,0,73.0,160,Missouri,,1979-06-09,0000-00-00,174.02
lattaiv01w,G,0,0,66.0,143,North Carolina,,1984-09-24,0000-00-00,148.05
lavenja01w,C,0,0,76.0,185,Ohio State,,1988-11-12,0000-00-00,196.98
lawsoed01w,G,0,0,66.0,130,,,1979-05-14,0000-00-00,148.05
lawsoka01w,G,0,0,69.0,165,Tennessee,,1981-02-14,0000-00-00,148.05
lazicka01w,F-C,0,0,70.0,147,,,1980-05-25,0000-00-00,184.8
lehnish01w,G,0,0,69.0,147,Kansas State,,1986-10-27,0000-00-00,148.05
lennobe01w,G,0,0,68.0,143,Louisiana Tech,,1976-12-04,0000-00-00,148.05
leslili01w,C,0,0,77.0,170,USC,,1972-07-07,0000-00-00,196.98
leuchye01w,C,0,0,77.0,195,West Virginia,,1983-04-30,0000-00-00,196.98
levanni01w,G,0,0,68.0,163,Xavier,,1979-05-17,0000-00-00,148.05
levesni01w,G,0,0,63.0,115,Wake Forest,,1972-04-11,0000-00-00,148.05
lewista01w,F-C,0,0,74.0,212,Louisiana Tech,,1979-07-10,0000-00-00,184.8
lewisty01w,G,0,0,70.0,152,North Carolina State,,1979-05-08,0000-00-00,148.05
liebena01w,G,0,0,70.0,150,Old Dominion,,1958-07-01,0000-00-00,148.05
lilleta01w,G,0,0,66.0,130,Oregon,,1988-02-29,0000-00-00,148.05
listr01w,G-F,0,0,70.0,163.76,Providence,,0000-00-00,0000-00-00,163.76
littlca01w,F,0,0,74.0,180,North Carolina,,1985-01-18,0000-00-00,174.02
lloydan01w,F,0,0,74.0,175,Texas,,1965-02-09,0000-00-00,174.02
lobore01w,F,0,0,76.0,190,Connecticut,,1973-10-06,0000-00-00,174.02
lovelst01w,F,0,0,76.0,170,Purdue,,1974-12-05,0000-00-00,174.02
luckepa01w,F,0,0,73.0,165,Houston,,1975-05-14,0000-00-00,174.02
luzhe01w,G,0,0,68.0,144,,,1972-11-23,0000-00-00,148.05
lyttlsa01w,F,0,0,76.0,175,Houston,,1983-09-20,0000-00-00,174.02
mabikmw01w,G-F,0,0,71.0,165,,,1976-07-27,0000-00-00,163.76
macchla01w,F,0,0,73.0,169,,,1979-05-24,0000-00-00,174.02
machacl01w,C-F,0,0,77.0,180,Old Dominion,,1976-10-04,0000-00-00,191.11
mahonme01w,F,0,0,72.0,160,Kansas State,,1983-02-13,0000-00-00,174.02
mahonsh01w,F,0,0,76.0,178,Western Kentucky,,1977-07-03,0000-00-00,174.02
maigaha01w,G-F,0,0,73.0,160,Old Dominion,,1978-04-25,0000-00-00,163.76
malcona01w,F,0,0,73.0,170,Providence,,1975-11-27,0000-00-00,174.02
malloam01w,G,0,0,64.0,148,St. Joseph's,,1970-04-21,0000-00-00,148.05
malloso01w,C,0,0,77.0,210,Georgia Tech,,1981-09-02,0000-00-00,196.98
maltsev01w,G,0,0,71.0,165,,,1978-12-20,0000-00-00,148.05
mannish01w,F-C,0,0,75.0,186,North Carolina State,,1969-03-20,0000-00-00,184.8
mannkr01w,F,0,0,73.0,185,UC Santa Barbara,,1983-08-10,0000-00-00,174.02
mapprh01w,C,0,0,74.0,190,North Carolina State,,1969-10-13,0000-00-00,196.98
marcimi01w,G,0,0,70.0,154,Tennessee,,1973-10-29,0000-00-00,148.05
margiga01w,F,0,0,73.0,164,Drexel,,1987-02-12,0000-00-00,174.02
martima01w,F,0,0,76.0,172,UCLA,,1978-04-17,0000-00-00,174.02
martinu01w,G,0,0,69.0,167,,,1984-02-29,0000-00-00,148.05
mascira01w,F,0,0,72.0,169,,,1980-09-30,0000-00-00,174.02
maslemi01w,F,0,0,74.0,170,Penn State,,1974-10-10,0000-00-00,174.02
matteca01w,G,0,0,69.0,167,Ohio State,,1982-08-22,0000-00-00,148.05
matteka01w,C,0,0,80.0,240,Liberty,,1982-11-17,0000-00-00,196.98
maxwean01w,F,0,0,71.0,186,New Mexico State,,1974-04-07,0000-00-00,174.02
maxwemo01w,F,0,0,69.0,162,Louisiana Tech,,1976-12-21,0000-00-00,174.02
maytuet01w,F,0,0,72.0,174.02,Oklahoma,,1973-04-28,0000-00-00,174.02
mazzake01w,G,0,0,72.0,155,Penn State,,1982-02-02,0000-00-00,148.05
mccaibr01w,G,0,0,63.0,135,Florida,,1979-09-21,0000-00-00,148.05
mccaiti01w,G-F,0,0,70.0,167,Kentucky,,1976-10-06,0000-00-00,163.76
mccanra01w,F,0,0,73.0,161,North Carolina,,1986-11-17,0000-00-00,174.02
mccarja01w,C,0,0,74.0,205,Minnesota,,1982-11-03,0000-00-00,196.98
mccarjo01w,G,0,0,67.0,130,Illinois-Chicago,,1974-10-26,0000-00-00,148.05
mccarst01w,G-F,0,0,69.0,155,Purdue,,1977-06-20,0000-00-00,163.76
mcclaka01w,F-C,0,0,74.0,180,Georgia,,1965-09-19,0000-00-00,184.8
mcconsu01w,G,0,0,65.0,125,Penn State,,1966-07-29,0000-00-00,148.05
mccouan01w,F,0,0,73.0,160,Louisville,,1986-09-10,0000-00-00,174.02
mccrada01w,G-F,0,0,71.0,170,Kansas,,1987-10-08,0000-00-00,163.76
mccrani01w,G,0,0,71.0,158,Tennessee,,1971-12-11,0000-00-00,148.05
mccrini01w,G,0,0,68.0,125,USC,,1972-03-22,0000-00-00,148.05
mcculda01w,F-C,0,0,75.0,180,Western Kentucky,,1975-01-18,0000-00-00,184.8
mcgeepa01w,C-F,0,0,75.0,200,USC,,1962-12-01,0000-00-00,191.11
mcgheca01w,F-C,0,0,73.0,179,Tennessee,,1968-03-06,0000-00-00,184.8
mckivte01w,C-F,0,0,75.0,220,Tulane,,1980-10-05,0000-00-00,191.11
mcwilta01w,F-C,0,0,74.0,188,St. Edwards,,1970-10-20,0000-00-00,184.8
melvich01w,C-F,0,0,75.0,185,North Carolina State,,1976-05-03,0000-00-00,191.11
mendigi01w,G,0,0,71.0,174,Washington,,1982-01-09,0000-00-00,148.05
miaomi01w,G,0,0,71.0,153,,,1981-06-03,0000-00-00,148.05
millebr01w,C,0,0,76.0,196.98,Florida State,,1987-08-10,0000-00-00,196.98
milleco01w,G,0,0,69.0,140,Georgia,,1978-09-06,0000-00-00,148.05
milleke01w,G,0,0,70.0,140,Georgia,,1978-09-06,0000-00-00,148.05
millsta01w,C,0,0,75.0,232,Alabama,,1976-02-29,0000-00-00,196.98
miltode01w,F,0,0,73.0,185,Florida,,1974-09-11,0000-00-00,174.02
mitchle01w,G,0,0,65.0,130,Utah,,1985-06-15,0000-00-00,148.05
mizrali01w,G,0,0,67.0,130,Maryland,,1970-06-24,0000-00-00,148.05
moeggli01w,F,0,0,73.0,195,Michigan State,,1984-05-25,0000-00-00,174.02
moisead01w,G,0,0,66.0,140,,,1978-12-06,0000-00-00,148.05
mokanch01w,F,0,0,77.0,174.02,Mississippi State (jr-sr),Southeastern Illinois (fr-so),1988-10-13,0000-00-00,174.02
monroja01w,C,0,0,77.0,162,Florida State,,1988-09-04,0000-00-00,196.98
montaan01w,F,0,0,73.0,190,George Washington,,1980-10-24,0000-00-00,174.02
montgal01w,G-F,0,0,73.0,185,Georgia Tech,,1988-11-12,0000-00-00,163.76
montgre01w,G,0,0,67.0,139,Connecticut,,1986-12-02,0000-00-00,148.05
mooreja01w,C,0,0,73.0,207,Long Beach State,,1979-11-06,0000-00-00,196.98
mooreje01w,F-C,0,0,75.0,175,Connecticut,,1982-07-09,0000-00-00,184.8
moorelo01w,G,0,0,69.0,165,Tennessee,,1983-03-21,0000-00-00,148.05
moorema01w,F,0,0,72.0,175,Connecticut,,1989-06-11,0000-00-00,174.02
moorena01w,G,0,0,70.0,145,Alabama,,1984-11-04,0000-00-00,148.05
moorepe01w,F,0,0,72.0,135,Long Beach State,,1969-01-25,0000-00-00,174.02
mooreta01w,G-F,0,0,71.0,167,Wisconsin,,1980-04-11,0000-00-00,163.76
mooreyo01w,F,0,0,72.0,174,Mississippi,,1974-07-01,0000-00-00,174.02
moosca01w,F-C,0,0,78.0,182,Stanford,,1978-05-23,0000-00-00,184.8
morehmo01w,F-C,0,0,75.0,175,Auburn,,1974-01-18,0000-00-00,184.8
morgale01w,F,0,0,73.0,174.02,Francis Marion,,1969-11-01,0000-00-00,174.02
morrije01w,G,0,0,69.0,146,San Diego State,,1987-07-21,0000-00-00,148.05
morrila01w,F,0,0,73.0,160,Auburn,,1974-05-26,0000-00-00,174.02
morrizi01w,C,0,0,76.0,196.98,none,,1989-02-15,0000-00-00,196.98
mosbybe01w,F,0,0,73.0,172,Baylor,Florida,1984-02-14,0000-00-00,174.02
mosleju01w,F,0,0,73.0,170,Hawai'i,,1968-03-17,0000-00-00,174.02
moweje01w,C,0,0,77.0,236,Oregon,,1978-02-25,0000-00-00,196.98
mulitna01w,C,0,0,75.0,207,Stanford,,1976-03-06,0000-00-00,196.98
murphsh01w,G,0,0,71.0,164,USC,,1985-04-15,0000-00-00,148.05
nagyan01w,G,0,0,67.0,147,Florida International,,1971-11-16,0000-00-00,148.05
nanch01w,C,0,0,78.0,204,,,1983-01-06,0000-00-00,196.98
ndiayas01w,F-C,0,0,75.0,182,Southern Nazarene,,1973-11-05,0000-00-00,184.8
ndongem01w,C,0,0,74.0,170,,,1983-04-25,0000-00-00,196.98
nemcoev01w,F,0,0,74.0,178,,,1972-12-03,0000-00-00,174.02
neroja01w,F,0,0,71.0,180,Alabama-Birmingham,,1968-11-08,0000-00-00,174.02
nevescl01w,G,0,0,68.0,136,,,1975-02-17,0000-00-00,148.05
newtoch01w,G,0,0,71.0,154,Rutgers,,1983-02-17,0000-00-00,148.05
ngarsch01w,C,0,0,75.0,168,Missouri,,1983-06-23,0000-00-00,196.98
ngoyibe01w,C,0,0,76.0,195,,,1982-08-26,0000-00-00,196.98
nichoti01w,G,0,0,63.0,146,Penn State,,1973-09-27,0000-00-00,148.05
nieuwma01w,C,0,0,77.0,180,Valparaiso,,1980-04-12,0000-00-00,196.98
nikolmi01w,F,0,0,75.0,185,,,1971-07-04,0000-00-00,174.02
nnamach01w,G,0,0,72.0,156,Georgia Tech,,1985-06-15,0000-00-00,148.05
nolande01w,G-F,0,0,69.0,147,Georgia,,1979-08-25,0000-00-00,163.76
novosna01w,G,0,0,71.0,165,Notre Dame,,0000-00-00,0000-00-00,148.05
nygaava01w,F,0,0,73.0,166,Stanford,,1975-03-13,0000-00-00,174.02
ogayu01w,G,0,0,66.0,140,,,1982-10-17,0000-00-00,148.05
ogwumnn01w,F,0,0,74.0,174.02,Stanford,,1990-07-02,0000-00-00,174.02
oheaje01w,G-F,0,0,73.0,174,Australian Institute of Sport,,1987-06-06,0000-00-00,163.76
ohldeni01w,F-C,0,0,77.0,190,Kansas State,,1982-03-13,0000-00-00,184.8
olajuab01w,C,0,0,76.0,236,Oklahoma,,1988-07-06,0000-00-00,196.98
oneilkr01w,G-F,0,0,73.0,158,Washington,,1983-04-12,0000-00-00,163.76
orrki01w,G,0,0,66.0,141,Duke,,1975-09-16,0000-00-00,148.05
osburde01w,C,0,0,76.0,196.98,Oregon,,1972-02-11,0000-00-00,196.98
osipoir01w,C,0,0,77.0,190,,,1981-06-25,0000-00-00,196.98
owenhe01w,F,0,0,77.0,212,Stanford,,1976-05-06,0000-00-00,174.02
owenssh01w,C,0,0,74.0,175,Kentucky,,1978-05-16,0000-00-00,196.98
pageda01w,F,0,0,74.0,179,Nebraska,,1986-11-14,0000-00-00,174.02
pagemu01w,F,0,0,74.0,160,Florida,,1975-09-18,0000-00-00,174.02
paigeyo01w,G,0,0,66.0,147,West Virginia,,1983-09-18,0000-00-00,148.05
paliesa01w,G,0,0,67.0,159,,,1981-07-23,0000-00-00,148.05
palmewe01w,F,0,0,74.0,165,Virginia,,1974-08-12,0000-00-00,174.02
parisco01w,C,0,0,76.0,250,Oklahoma,,1987-09-21,0000-00-00,196.98
parkeca01w,F,0,0,76.0,175,Tennessee,,1986-04-19,0000-00-00,174.02
pascafl01w,C,0,0,76.0,187,,,1982-01-19,0000-00-00,196.98
paschti01w,F,0,0,73.0,165,Florida State,,1969-03-22,0000-00-00,174.02
pavlimi01w,F-C,0,0,75.0,175,Denver,,1977-11-27,0000-00-00,184.8
payeka01w,G,0,0,68.0,150,Stanford,,1974-03-06,0000-00-00,148.05
pederka01w,F,0,0,76.0,190,Stanford,,1989-04-04,0000-00-00,174.02
penicti01w,G,0,0,71.0,145,Old Dominion,,1974-09-18,0000-00-00,148.05
pennjo01w,F,0,0,72.0,160,South Carolina,,1979-09-10,0000-00-00,174.02
perazja01w,G-F,0,0,72.0,170,Maryland,,1960-12-06,0000-00-00,163.76
perkiji01w,G,0,0,68.0,155,Texas Tech,,1982-02-23,0000-00-00,148.05
perpeer01w,F-G,0,0,75.0,181,The Master's College,,1979-06-05,0000-00-00,159.91
perroki01w,G,0,0,65.0,130,SW Louisiana,,1967-01-18,1999-08-19,148.05
peterde01w,F,0,0,74.0,170,Notre Dame,,1989-10-08,0000-00-00,174.02
petroso01w,F,0,0,73.0,174.02,none,,1989-02-18,0000-00-00,174.02
pettibr01w,G,0,0,69.0,150,Florida,,1971-01-01,0000-00-00,148.05
philler01w,G,0,0,67.0,162,,,1985-05-19,0000-00-00,148.05
phillpo01w,F,0,0,74.0,173,Georgia,,1988-01-13,0000-00-00,174.02
phillta01w,F-C,0,0,74.0,200,Central Florida,,1969-03-06,0000-00-00,184.8
phillta02w,C,0,0,78.0,198,Xavier,,1989-01-24,0000-00-00,196.98
pierspl01w,F-C,0,0,74.0,181,Texas Tech,,1981-08-30,0000-00-00,184.8
plowdvi01w,F,0,0,72.0,174.02,Miami (FL),,1971-07-22,0000-00-00,174.02
pohleje01w,G,0,0,72.0,179,Stanford,,1989-05-02,0000-00-00,148.05
pollica01w,F,0,0,77.0,165,Texas,,1966-03-16,0000-00-00,174.02
pondeca01w,G,0,0,69.0,160,Rutgers,,1983-01-07,0000-00-00,148.05
potthan01w,F,0,0,73.0,191,Penn State,,1974-06-12,0000-00-00,174.02
powelel01w,G,0,0,68.0,150,Louisiana State,,1975-08-09,0000-00-00,148.05
powelni01w,F,0,0,74.0,175,Stanford,,1982-06-22,0000-00-00,174.02
prahasa01w,G,0,0,67.0,129,Ohio State,,1990-01-23,0000-00-00,148.05
pricear01w,G-F,0,0,69.0,133,Mississippi,,1985-04-03,0000-00-00,163.76
pricefr01w,G,0,0,69.0,178,Iowa,,1968-04-28,0000-00-00,148.05
priceka01w,G,0,0,70.0,148,Stephen F. Austin,,1975-12-03,1999-01-18,148.05
pridely01w,F-G,0,0,74.0,180,Kansas,,1978-10-16,0000-00-00,159.91
princep01w,G,0,0,69.0,167,Rutgers,,1988-01-11,0000-00-00,148.05
pringla01w,F-C,0,0,75.0,162,North Carolina,,1986-09-11,0000-00-00,184.8
queenbr01w,F,0,0,74.0,185,Boston College,,1984-04-10,0000-00-00,174.02
quiglal01w,G,0,0,70.0,140,DePaul,,1986-06-20,0000-00-00,148.05
quinnno01w,G,0,0,72.0,175,UCLA,,1985-01-03,0000-00-00,148.05
quinnte01w,F,0,0,76.0,165,Seton Hall,,1974-09-07,0000-00-00,174.02
radunha01w,C,0,0,75.0,187,,,1978-01-10,0000-00-00,196.98
raglafe01w,G,0,0,67.0,133,Oregon State,,1980-02-03,0000-00-00,148.05
randase01w,G,0,0,69.0,164,Tennessee,,1979-02-07,0000-00-00,148.05
rasmukr01w,F,0,0,76.0,174,Michigan State,,1978-11-01,0000-00-00,174.02
ravenbr01w,G,0,0,72.0,162,Texas,,1988-08-01,0000-00-00,148.05
raymost01w,G,0,0,65.0,139,Northern Illinois,,1985-01-15,0000-00-00,148.05
raymota01w,F,0,0,74.0,195,Connecticut,,1980-04-12,0000-00-00,174.02
reddja01w,F,0,0,73.0,164,Washington,,1977-11-05,0000-00-00,174.02
redmoka01w,G-F,0,0,73.0,163.76,Gonzaga,Washington,1988-10-11,0000-00-00,163.76
reedbr01w,F,0,0,73.0,168,Southern Mississippi,,1977-02-17,0000-00-00,174.02
reedch01w,F,0,0,73.0,165,Arkansas-Little Rock,,1989-03-28,0000-00-00,174.02
reedmi01w,G,0,0,71.0,165,Western Kentucky,,1973-05-24,0000-00-00,148.05
reidtr01w,F,0,0,71.0,150,North Carolina,,1976-11-01,0000-00-00,174.02
reissta01w,G,0,0,66.0,129,Virginia,,1970-04-02,0000-00-00,148.05
resska01w,F,0,0,76.0,194,Boston College,,1985-06-26,0000-00-00,174.02
reynoch01w,F,0,0,74.0,180,Houston,,1972-02-08,0000-00-00,174.02
rileyan01w,G,0,0,65.0,136,Oklahoma State,,1988-07-22,0000-00-00,148.05
rileyru01w,C,0,0,77.0,198,Notre Dame,,1979-08-28,0000-00-00,196.98
rizzoje01w,G,0,0,66.0,146,Connecticut,,1974-05-15,0000-00-00,148.05
roberav01w,G,0,0,69.0,145,Ohio State,,1970-01-29,0000-00-00,148.05
roberny01w,C,0,0,75.0,209,Old Dominion,,1976-03-10,0000-00-00,196.98
robinas01w,C,0,0,76.0,180,Tennessee,,1982-08-12,0000-00-00,196.98
robincr01w,F-G,0,0,71.0,155,SE Oklahoma State,,1974-01-22,0000-00-00,159.91
robinda01w,G,0,0,69.0,125,Oklahoma,,1989-05-10,0000-00-00,148.05
robinre01w,G,0,0,71.0,166,Virginia,,1978-06-15,0000-00-00,148.05
robinsc01w,G,0,0,71.0,155,Louisiana State,,1983-01-09,0000-00-00,148.05
rolanja01w,G-F,0,0,73.0,167,Purdue,,1975-02-03,0000-00-00,163.76
rossad01w,G,0,0,68.0,142,Texas Christian,,1984-11-23,0000-00-00,148.05
rouilni01w,G,0,0,67.0,130,Loyola Marymount,,1970-01-23,0000-00-00,148.05
roundsa01w,G,0,0,67.0,145,Georgia,,1976-10-04,0000-00-00,148.05
ruffje01w,G-F,0,0,71.0,140,Washington State,,1974-09-12,0000-00-00,163.76
rushle01w,F,0,0,73.0,175,Oklahoma,,1984-10-25,0000-00-00,174.02
ryankr01w,F,0,0,71.0,150,Sacramento State,,1972-11-19,0000-00-00,174.02
rycraeu01w,C,0,0,75.0,175,Cal State Fullerton,,1968-12-06,0000-00-00,196.98
salesny01w,G-F,0,0,72.0,184,Connecticut,,1976-05-10,0000-00-00,163.76
sampsch01w,G,0,0,71.0,175,Kansas,,1974-09-01,0000-00-00,148.05
sampsto01w,G,0,0,70.0,148.05,North Carolina,,1972-03-02,0000-00-00,148.05
samsh01w,F-G,0,0,72.0,160,Vanderbilt,,1974-05-05,0000-00-00,159.91
sanchis01w,G,0,0,70.0,152,,,1976-11-28,0000-00-00,148.05
sandeam01w,G,0,0,71.0,156,Hawai'i,,1983-06-05,0000-00-00,148.05
sandish01w,G,0,0,72.0,145,,,1969-01-22,0000-00-00,148.05
sanfona01w,F-C,0,0,76.0,200,Kansas,,1976-05-10,0000-00-00,184.8
sanniol01w,C,0,0,74.0,196.98,West Virginia,,1986-08-21,0000-00-00,196.98
santoal01w,C,0,0,77.0,181,,,1973-12-02,0000-00-00,196.98
santoke01w,F,0,0,75.0,188,,,1979-11-10,0000-00-00,174.02
sarenra01w,C,0,0,78.0,222,,,1974-06-27,0000-00-00,196.98
sauerpa01w,C,0,0,76.0,203,Connecticut,,1977-12-08,0000-00-00,196.98
saundja01w,F,0,0,71.0,145,Texas A&M,,1979-08-21,0000-00-00,174.02
saureau01w,G,0,0,70.0,163,,,1976-10-31,0000-00-00,148.05
savasla01w,G,0,0,68.0,134,Washington,,1974-03-18,0000-00-00,148.05
schumke01w,C,0,0,77.0,183,Connecticut,,1977-10-14,0000-00-00,196.98
schwege01w,G-F,0,0,72.0,160,Duke,,1979-01-31,0000-00-00,163.76
scottol01w,C,0,0,74.0,175,Stanford,,1976-08-05,0000-00-00,196.98
scottra01w,F,0,0,75.0,169,Colorado,,1975-08-12,0000-00-00,174.02
shakiel01w,F-C,0,0,75.0,190,,,1970-06-02,0000-00-00,184.8
sharpkb01w,G,0,0,69.0,145,Cincinnati,,1981-04-18,0000-00-00,148.05
sheetsh01w,G,0,0,66.0,130,Colorado,,1975-08-15,0000-00-00,148.05
shegoch01w,C,0,0,77.0,196.98,North Carolina,,1990-02-22,0000-00-00,196.98
shielas01w,G,0,0,70.0,155,SW Tennessee CC,,1985-07-15,0000-00-00,148.05
shudlca01w,C,0,0,72.0,196.98,Minnesota,,1972-05-13,0000-00-00,196.98
shulead01w,G,0,0,66.0,153,Georgia,,1969-04-24,0000-00-00,148.05
simondy01w,G,0,0,65.0,137,Arizona State,,1989-09-29,0000-00-00,148.05
simpsda01w,F,0,0,75.0,160,Houston,,1969-04-11,0000-00-00,174.02
slaisma01w,G,0,0,68.0,173,Cincinnati,,1973-08-23,0000-00-00,148.05
slauggw01w,F,0,0,75.0,181,Tulane,,1980-07-01,0000-00-00,174.02
slavtge01w,G,0,0,73.0,160,Florida International,,1979-10-20,0000-00-00,148.05
smithai01w,F,0,0,74.0,173,Louisiana State,,1980-07-18,0000-00-00,174.02
smithbr01w,F-C,0,0,75.0,195,Stanford,,1984-04-30,0000-00-00,184.8
smithch01w,G,0,0,67.0,140,Arkansas,,1975-08-14,0000-00-00,148.05
smithch02w,F,0,0,70.0,145,Stanford,,1975-05-02,0000-00-00,174.02
smithch03w,G,0,0,72.0,148,North Carolina,,1973-08-23,0000-00-00,148.05
smithcr01w,G,0,0,66.0,121,Iowa,,1984-03-12,0000-00-00,148.05
smithje01w,C,0,0,75.0,198,Michigan,,1982-04-10,0000-00-00,196.98
smithka01w,G-F,0,0,71.0,174,Ohio State,,1974-06-04,0000-00-00,163.76
smithki01w,F,0,0,73.0,158,Utah,,1984-05-07,0000-00-00,174.02
smithla01w,G,0,0,67.0,150,Mississippi State,,1974-02-06,0000-00-00,148.05
smithta01w,F-C,0,0,76.0,160,Iowa,,1977-04-01,0000-00-00,184.8
smithty01w,F,0,0,72.0,174.02,Delaware,,1985-04-21,0000-00-00,174.02
smithwa01w,G,0,0,71.0,175,Duke,,1985-07-09,0000-00-00,148.05
snellbe01w,G,0,0,69.0,170,University of Sydney,,1981-10-01,0000-00-00,148.05
snowmi01w,C,0,0,77.0,158,Tennessee,,1980-03-20,0000-00-00,196.98
sobrale01w,F,0,0,73.0,183,,,1974-11-22,0000-00-00,174.02
sobrama01w,C,0,0,75.0,163,,,1964-03-23,0000-00-00,196.98
spencsi01w,G,0,0,75.0,183,Tennessee,,1985-03-07,0000-00-00,148.05
spornra01w,F,0,0,74.0,150,,,1968-05-26,0000-00-00,174.02
stafftr01w,F,0,0,73.0,180,California,,1970-11-11,0000-00-00,174.02
staleda01w,G,0,0,66.0,134,Virginia,,1970-05-04,0000-00-00,148.05
stansti01w,F-C,0,0,75.0,183,North Carolina State,,1983-01-16,0000-00-00,184.8
starbka01w,G,0,0,73.0,153,Stanford,,1975-07-30,0000-00-00,148.05
stedika01w,F-G,0,0,72.0,173,Stanford,,1967-12-11,0000-00-00,159.91
stepama01w,C,0,0,80.0,187,,,1979-02-23,0000-00-00,196.98
stephre01w,G,0,0,71.0,160,UCLA,,1969-12-28,0000-00-00,148.05
stephst01w,C,0,0,76.0,205,Texas,,1982-01-21,0000-00-00,196.98
sterkca01w,F,0,0,74.0,170,Central Michigan,,0000-00-00,0000-00-00,174.02
stevema01w,F-C,0,0,75.0,166,Auburn,,1982-02-04,0000-00-00,184.8
stileja01w,G,0,0,68.0,144,Missouri State,,1978-12-21,0000-00-00,148.05
stillva01w,F-C,0,0,73.0,151,Kentucky,,1961-05-14,0000-00-00,184.8
stinsan01w,G,0,0,70.0,158,North Carolina State,,1967-11-25,0000-00-00,148.05
stiresh01w,F,0,0,71.0,208,Kansas State,,1972-05-21,0000-00-00,174.02
stockta01w,F-C,0,0,74.0,165,Florida,,1979-01-29,0000-00-00,184.8
streiju01w,F,0,0,74.0,165,,,1972-05-14,0000-00-00,174.02
stricsh01w,G-F,0,0,74.0,178,Tennessee,,1990-07-30,0000-00-00,163.76
strotan01w,G-F,0,0,75.0,166,Connecticut,,1983-12-11,0000-00-00,163.76
suberto01w,G,0,0,67.0,137,Virginia,,1974-11-23,0000-00-00,148.05
summela01w,C,0,0,74.0,167,,,1983-12-13,0000-00-00,196.98
sun-mju01w,C,0,0,73.0,168,,,1974-10-12,0000-00-00,196.98
suttota01w,C,0,0,76.0,199,Rutgers,,1978-01-27,0000-00-00,196.98
swanike01w,G,0,0,67.0,144,Connecticut,,1986-08-10,0000-00-00,148.05
swoopsh01w,F-G,0,0,72.0,145,Texas Tech,,1971-03-25,0000-00-00,159.91
swordca01w,C,0,0,78.0,210,Boston College,,1989-07-19,0000-00-00,196.98
sykesap01w,G-F,0,0,72.0,163.76,Rutgers,,1990-07-30,0000-00-00,163.76
tatede01w,G,0,0,68.0,150,Maryland,,1966-05-13,0000-00-00,148.05
tateso01w,G,0,0,66.0,157,Arkansas State,,1971-09-07,0000-00-00,148.05
tauradi01w,F-G,0,0,72.0,172,Connecticut,,1982-06-11,0000-00-00,159.91
tayloli01w,C,0,0,80.0,200,UC Santa Barbara,,1981-05-20,0000-00-00,196.98
taylope01w,F,0,0,73.0,168,,,1981-05-24,0000-00-00,174.02
teaslni01w,G,0,0,72.0,169,North Carolina,,1979-03-22,0000-00-00,148.05
teilaza01w,C,0,0,79.0,170,Western Illinois,,1983-09-24,0000-00-00,196.98
terryka01w,C-F,0,0,75.0,183,Georgia Tech,,1983-10-21,0000-00-00,191.11
thirdtr01w,F,0,0,71.0,160,Washington,,1968-02-27,0000-00-00,174.02
thomaca01w,F,0,0,75.0,200,Vanderbilt,,1985-10-31,0000-00-00,174.02
thomach01w,C,0,0,75.0,185,Georgia,,1982-08-14,0000-00-00,196.98
thomaja01w,G,0,0,69.0,145,Duke,,1989-09-30,0000-00-00,148.05
thomakr01w,C,0,0,77.0,195,Duke,,1989-06-10,0000-00-00,196.98
thomala01w,F,0,0,74.0,165,Mississippi State,,1981-07-06,0000-00-00,174.02
thomast01w,F,0,0,70.0,154,Michigan,,1978-08-29,0000-00-00,174.02
thompal01w,F,0,0,73.0,180,Texas Tech,,1976-06-30,0000-00-00,174.02
thompam01w,F,0,0,73.0,170,Oklahoma,,1987-11-18,0000-00-00,174.02
thomppa01w,F,0,0,73.0,193,Tennessee,,1975-01-16,0000-00-00,174.02
thompti01w,F,0,0,74.0,178,USC,,1975-02-10,0000-00-00,174.02
thorbsh01w,G,0,0,69.0,149,Utah,,1982-08-07,0000-00-00,148.05
thorner01w,G,0,0,70.0,150,Brigham Young,,1981-05-19,0000-00-00,148.05
threaro01w,G,0,0,67.0,150,Wisconsin,,1970-07-01,0000-00-00,148.05
tilliic01w,C-F,0,0,77.0,165,Duke,,1981-12-06,0000-00-00,191.11
timmsmi01w,G,0,0,67.0,132,,,1965-06-28,0000-00-00,148.05
tolerpe01w,G,0,0,68.0,132,Long Beach State,,1966-03-24,0000-00-00,148.05
tolivkr01w,G,0,0,67.0,130,Maryland,,1987-01-27,0000-00-00,148.05
torniel01w,F,0,0,73.0,160,,,1965-05-27,0000-00-00,174.02
torrele01w,C,0,0,75.0,171,Florida State,,1978-04-06,0000-00-00,196.98
traviti01w,G-F,0,0,71.0,145,Flordia,,1978-03-20,0000-00-00,163.76
tremich01w,G,0,0,66.0,142,Auburn,,1969-10-20,0000-00-00,148.05
tricetr01w,F-C,0,0,74.0,180,North Carolina State,,1965-08-04,0000-00-00,184.8
tunsine01w,G-F,0,0,73.0,170,Iowa State,,1970-08-22,0000-00-00,163.76
turneba01w,G-F,0,0,72.0,172,Connecticut,,1984-06-08,0000-00-00,163.76
tutermo01w,G,0,0,72.0,155,Arizona State,,1975-08-25,0000-00-00,148.05
tuvicsl01w,C,0,0,76.0,194,,,1977-09-19,0000-00-00,196.98
tzekopo01w,C,0,0,76.0,189,,,1968-04-30,0000-00-00,196.98
udokamf01w,F,0,0,72.0,187,DePaul,,1976-06-16,0000-00-00,174.02
ujhelpe01w,F-C,0,0,76.0,200,South Carolina,,1980-12-17,0000-00-00,184.8
umoh-it01w,G,0,0,67.0,140,Clemson,,1977-02-21,0000-00-00,148.05
valdeam01w,F,0,0,73.0,160,,,1976-08-18,0000-00-00,174.02
vandeco01w,G,0,0,68.0,130,Gonzaga,,1989-02-08,0000-00-00,148.05
vanemal01w,F,0,0,75.0,175,UCLA,,1968-04-14,0000-00-00,174.02
vangomi01w,C,0,0,78.0,187,Duke,,1977-05-10,0000-00-00,196.98
vaughki01w,C,0,0,76.0,208,Rutgers,,1987-01-24,0000-00-00,196.98
vaughkr01w,F,0,0,73.0,160,Virginia Commonwealth,,1986-09-08,0000-00-00,174.02
vealkr01w,G,0,0,70.0,150,,,1981-07-24,0000-00-00,148.05
veselja01w,F,0,0,75.0,195,none,,1983-12-31,0000-00-00,174.02
vidicbo01w,G,0,0,69.0,133,Oregon State,,1973-01-07,0000-00-00,148.05
viglida01w,G,0,0,70.0,157,Texas,,1975-03-07,0000-00-00,148.05
vilipda01w,F-C,0,0,76.0,207,,,1975-03-30,0000-00-00,184.8
vodicka01w,F-C,0,0,76.0,190,,,1972-12-19,0000-00-00,184.8
vodopna01w,F,0,0,75.0,181,,,1981-04-06,0000-00-00,174.02
voigtka01w,G,0,0,73.0,162,Wisconsin,,1975-04-07,0000-00-00,148.05
vukadmi01w,G,0,0,73.0,150,California,,1968-11-18,0000-00-00,148.05
walkeas01w,F-C,0,0,73.0,200,California,,1987-02-24,0000-00-00,184.8
walkeay01w,F,0,0,75.0,142,Louisiana Tech,,1979-09-10,0000-00-00,174.02
walkede01w,F,0,0,75.0,168,Virginia,,1977-11-28,0000-00-00,174.02
walkema01w,C,0,0,75.0,253,Pittsburgh,,1986-10-17,0000-00-00,196.98
walsema01w,F,0,0,74.0,184,Penn State,,1978-10-28,0000-00-00,174.02
wardvo01w,C,0,0,78.0,170,Tennessee,,1973-03-16,0000-00-00,196.98
warleav01w,C,0,0,75.0,196.98,Liberty,,1987-05-17,0000-00-00,196.98
washico01w,G,0,0,66.0,138,Notre Dame,,1971-01-17,0000-00-00,148.05
washito01w,F,0,0,71.0,160,Florida,,1977-12-30,0000-00-00,174.02
wautean01w,C,0,0,76.0,193,,,1980-10-12,0000-00-00,196.98
weathte01w,G,0,0,68.0,161,Louisiana Tech,,1965-12-08,0000-00-00,148.05
webbum01w,G-F,0,0,70.0,162,North Carolina State,,1975-06-26,0000-00-00,163.76
weberma01w,C,0,0,77.0,200,Iona,,1982-06-01,0000-00-00,196.98
weckeke01w,F,0,0,73.0,172,Kansas State,,1982-12-16,0000-00-00,174.02
whaleli01w,G,0,0,68.0,150,Minnesota,,1982-05-09,0000-00-00,148.05
whitede01w,F,0,0,71.0,180,Louisiana State,,1980-04-03,0000-00-00,174.02
whiteer01w,G,0,0,63.0,135,Louisiana State,,1986-08-26,0000-00-00,148.05
whiteta01w,G,0,0,67.0,154,Mississippi State,,1982-09-27,0000-00-00,148.05
whitiva01w,C-F,0,0,74.0,199,Stanford,,1972-04-09,0000-00-00,191.11
whitmta01w,F,0,0,74.0,190,Memphis,,1977-06-05,0000-00-00,174.02
whittje01w,C,0,0,77.0,176,,,1973-09-05,0000-00-00,196.98
whittkh01w,F,0,0,73.0,185,North Carolina State,,1986-08-05,0000-00-00,174.02
wickssu01w,F,0,0,75.0,191,Rutgers,,1966-11-26,0000-00-00,174.02
widemja01w,G,0,0,66.0,135,Stanford,,1975-10-16,0000-00-00,148.05
wiggica01w,G,0,0,71.0,154,Stanford,,1987-02-14,0000-00-00,148.05
wilkeda01w,G,0,0,65.0,121,Long Beach State,,1969-02-27,0000-00-00,148.05
wilkibr01w,C,0,0,75.0,185,Iowa State,,1983-06-15,0000-00-00,196.98
williad01w,F-C,0,0,77.0,170,USC,,1977-02-15,0000-00-00,184.8
willian01w,G,0,0,72.0,149,Illinois,,1983-07-21,0000-00-00,148.05
willibe01w,G,0,0,69.0,145,Texas,,1965-11-09,0000-00-00,148.05
willide01w,G,0,0,68.0,160,Louisiana Tech,,1972-09-23,0000-00-00,148.05
williki01w,G,0,0,66.0,136,DePaul,Westark CC,1974-10-14,0000-00-00,148.05
willile01w,F,0,0,72.0,200,Auburn,,1981-02-10,0000-00-00,174.02
willile02w,G-F,0,0,71.0,155,DePaul,,1979-07-04,0000-00-00,163.76
willili01w,G,0,0,71.0,170,UCLA,,1984-06-13,0000-00-00,148.05
willina01w,F-C,0,0,74.0,210,UCLA,,1970-11-30,0000-00-00,184.8
williri01w,G,0,0,66.0,135,Connecticut,,1976-01-14,0000-00-00,148.05
williri02w,G,0,0,67.0,165,Miami,,1990-05-28,0000-00-00,148.05
willisa01w,G-F,0,0,72.0,163.76,Auburn,,1973-09-24,0000-00-00,163.76
willish01w,G,0,0,66.0,135,Oregon,,1980-04-14,0000-00-00,148.05
willita01w,G,0,0,71.0,170,Auburn,,1974-07-23,0000-00-00,148.05
willito01w,G,0,0,68.0,138,Texas A&M,,1982-01-11,0000-00-00,148.05
williwe01w,G,0,0,67.0,141,Arkansas,,1978-11-18,0000-00-00,148.05
wilsoam01w,F,0,0,71.0,176,Louisiana Tech,,1977-02-06,0000-00-00,174.02
wirthch01w,F,0,0,73.0,185,Vanderbilt,,1987-04-18,0000-00-00,174.02
wisdoli01w,F,0,0,74.0,186,Purdue,,1986-05-26,0000-00-00,174.02
witheso01w,G,0,0,70.0,145,Florida,,1969-07-06,0000-00-00,148.05
wojtaju01w,G-F,0,0,72.0,175,Wisconsin-Green Bay,,1989-04-09,0000-00-00,163.76
wolteka01w,C,0,0,79.0,227,Connecticut,,1975-08-15,0000-00-00,196.98
wolvean01w,F-C,0,0,75.0,205,Oregon,,1978-12-08,0000-00-00,184.8
woodaly01w,G,0,0,72.0,160,Kansas,,1959-08-12,0000-00-00,148.05
woodki01w,C,0,0,76.0,196.98,Wisconsin-Green Bay,,1972-09-16,0000-00-00,196.98
wooslti01w,G,0,0,67.0,132,Tennessee,,1973-04-04,0000-00-00,148.05
wrighfa01w,G,0,0,66.0,130,San Diego State,,1973-01-28,0000-00-00,148.05
wrighmo01w,G,0,0,71.0,178,Virginia,,1988-07-15,0000-00-00,148.05
wrighsh01w,F,0,0,70.0,155,Purdue,,1981-09-21,0000-00-00,174.02
wrighta01w,G,0,0,71.0,165,Penn State,,1983-11-20,0000-00-00,148.05
wyckobr01w,F,0,0,73.0,183,Florida State,,1980-03-30,0000-00-00,174.02
wynneda01w,F,0,0,74.0,175,Seton Hall,,1975-02-02,0000-00-00,174.02
yamasli01w,G,0,0,73.0,190,Stanford,,1980-06-02,0000-00-00,148.05
yasenco01w,G,0,0,72.0,160,Purdue,,1973-12-05,2001-05-12,148.05
yilmane01w,F-C,0,0,76.0,193,,,1980-06-06,0000-00-00,184.8
youngca01w,G,0,0,69.0,175,Auburn,,1969-07-28,0000-00-00,148.05
youngso01w,F,0,0,73.0,165,Baylor,,1983-12-15,0000-00-00,174.02
youngta01w,F,0,0,74.0,166,James Madison,,1986-10-30,0000-00-00,174.02
zakalok01w,C,0,0,78.0,174,,,1977-12-18,0000-00-00,196.98
zarafr01w,G,0,0,70.0,146,,,1976-12-08,0000-00-00,148.05
zellosh01w,G,0,0,70.0,155,Pittsburgh,,1986-08-28,0000-00-00,148.05
zhengha01w,C,0,0,80.0,254,,,1967-03-07,0000-00-00,196.98
zirkozu01w,G,0,0,69.0,145,,,1980-06-06,0000-00-00,148.05
zollsh01w,G,0,0,67.0,148,Virginia,,1986-07-11,0000-00-00,148.05
